part_id,part_name,location,physical_stock,ground_truth,audit_timestamp
SP-001,Turbine Flow Sensor,Chennai,13,NONE,2026-08-18 23:06:00
SP-001,Turbine Flow Sensor,Bangalore,9,MISSING_TRANSFER,2026-08-18 23:06:00
SP-001,Turbine Flow Sensor,Mumbai,11,NONE,2026-08-18 23:06:00
SP-002,High-Voltage Inverter Module,Chennai,9,NONE,2026-08-18 23:06:00
SP-002,High-Voltage Inverter Module,Bangalore,5,NONE,2026-08-18 23:06:00
SP-002,High-Voltage Inverter Module,Mumbai,8,DUPLICATE_TRANSACTION,2026-08-18 23:06:00
SP-003,Hydraulic Servo Valve,Chennai,2,NETWORK_SYNC_FAILURE,2026-08-18 23:06:00
SP-003,Hydraulic Servo Valve,Bangalore,7,NONE,2026-08-18 23:06:00
SP-003,Hydraulic Servo Valve,Mumbai,13,NONE,2026-08-18 23:06:00
SP-004,Fiber Optic Gyroscope,Chennai,13,NONE,2026-08-18 23:06:00
SP-004,Fiber Optic Gyroscope,Bangalore,5,TIMESTAMP_ANOMALY,2026-08-18 23:06:00
SP-004,Fiber Optic Gyroscope,Mumbai,7,NONE,2026-08-18 23:06:00
SP-005,Precision Bearing Assembly,Chennai,10,NONE,2026-08-18 23:06:00
SP-005,Precision Bearing Assembly,Bangalore,7,NONE,2026-08-18 23:06:00
SP-005,Precision Bearing Assembly,Mumbai,15,NONE,2026-08-18 23:06:00
SP-006,Cooling Pump,Chennai,1,NONE,2026-08-18 23:06:00
SP-006,Cooling Pump,Bangalore,17,NONE,2026-08-18 23:06:00
SP-006,Cooling Pump,Mumbai,8,NONE,2026-08-18 23:06:00
SP-007,Power Control Unit,Chennai,18,NONE,2026-08-18 23:06:00
SP-007,Power Control Unit,Bangalore,14,NONE,2026-08-18 23:06:00
SP-007,Power Control Unit,Mumbai,1,NONE,2026-08-18 23:06:00
SP-008,Pressure Regulator,Chennai,14,NONE,2026-08-18 23:06:00
SP-008,Pressure Regulator,Bangalore,2,NONE,2026-08-18 23:06:00
SP-008,Pressure Regulator,Mumbai,18,NONE,2026-08-18 23:06:00
